{"cameraMode":{"drawMode":0,"name":"Shaded","section":"Shading Mode"},"sceneLighting":false,"audioPlay":false,"sceneViewState":{"showFog":true,"showMaterialUpdate":false,"showSkybox":false,"showFlares":true,"showImageEffects":true,"showParticleSystems":true},"in2DMode":false,"pivot":{"x":-7.450580596923828e-9,"y":0.7599999904632568,"z":0.0},"rotation":{"x":0.2207835614681244,"y":-0.29721006751060488,"z":0.07084350287914276,"w":0.9262336492538452},"size":5.172850131988525,"orthographic":false}