{"cameraMode":{"drawMode":0,"name":"Shaded","section":"Shading Mode"},"sceneLighting":true,"audioPlay":false,"sceneViewState":{"showFog":true,"showMaterialUpdate":false,"showSkybox":true,"showFlares":true,"showImageEffects":true,"showParticleSystems":true},"in2DMode":false,"pivot":{"x":-50.27753448486328,"y":1.6207534074783326,"z":-11.065878868103028},"rotation":{"x":0.08809258788824082,"y":0.8955921530723572,"z":-0.20497862994670869,"w":0.38489261269569399},"size":75.44816589355469,"orthographic":false}